"0","install.packages(""VGAM"")   # 若未安装"
"2","trying URL 'https://cran.rstudio.com/bin/macosx/big-sur-arm64/contrib/4.5/VGAM_1.1-13.tgz'
"
"2","Content type 'application/x-gzip'"
"2"," length 8100407 bytes (7.7 MB)
"
"2","="
"2","="
"2","="
"2","="
"2","="
"2","="
"2","="
"2","="
"2","="
"2","="
"2","="
"2","="
"2","="
"2","="
"2","="
"2","="
"2","="
"2","="
"2","="
"2","="
"2","="
"2","="
"2","="
"2","="
"2","="
"2","="
"2","="
"2","="
"2","="
"2","="
"2","="
"2","="
"2","="
"2","="
"2","="
"2","="
"2","="
"2","="
"2","="
"2","="
"2","="
"2","="
"2","="
"2","="
"2","="
"2","="
"2","="
"2","="
"2","="
"2","="
"2","
"
"2","downloaded 7.7 MB

"
"1","
"
"1",""
"1","The downloaded binary packages are in
	/var/folders/dd/zlz8srxj3pb9by3mkj_rq0m00000gn/T//RtmpfG4C9C/downloaded_packages"
"1",""
"1","
"
"0","library(VGAM)"
"0","set.seed(2025)"
